line_id,scene_id,character,ja_display,ja_spoken,emotion,intensity,pace,performance_note,output_path,spoken_sha256,status
ch02_sc01_003,ch02_sc01,chinatsu,……お父さん。朝からずっと、これを見てたんです。,……お父さん。朝からずっと、これを見てたんです。,awkward,low,natural,テレビの人物を指す。誇らしさより、見られた気まずさ。,game/audio/voice/chinatsu/ch02_sc01_003.wav,5213a6c55135fb2d42bbc519e5ce6bc6779eaa5514458ba53363c15d6a69bd8d,text_ready_audio_not_produced
ch02_sc01_004,ch02_sc01,chinatsu,練習歴二十年半ですから。芸術の『極み』に達した、ってところでしょうか。,練習歴二十年半ですから。芸術の極みに達した、ってところでしょうか。,wry,low,measured,わずかな皮肉。物まねや大げさな笑いにはしない。,game/audio/voice/chinatsu/ch02_sc01_004.wav,5b81d5c033b25bcb5e4f533d5dd394b6df6f779f8927e32d659528106d4b1997,text_ready_audio_not_produced
ch02_sc01_006,ch02_sc01,chinatsu,あれ、その歌、知ってるんですか？　父が有名になった曲。,あれ、その歌、知ってるんですか？　父が有名になった曲。,surprised,low,natural,思わず問い返す。,game/audio/voice/chinatsu/ch02_sc01_006.wav,e604a80733541115df84f4d93bd890c45eac0e4c5c4c1b0c870e52e4db784857,text_ready_audio_not_produced
ch02_sc01_016,ch02_sc01,maxi,おう、〖徐启星｜シュー・チーシン〗！　コンサートのチケット、手に入ったぞ。,おう、シュー・チーシン！　コンサートのチケット、手に入ったぞ。,upbeat,medium,brisk,電話。用件を一気に切り出す。フィルターは録音本文に含めない。,game/audio/voice/maxi/ch02_sc01_016.wav,d5f359400fb2cd770ce8f0805d01a91e3f3a5110df15a04cd385e2fd4e10c0d2,text_ready_audio_not_produced
ch02_sc01_017,ch02_sc01,maxi,明後日、午後二時半。〖艾昆｜アイクン〗劇場な。絶対来いよ！,明後日、午後二時半。アイクン劇場な。絶対来いよ！,upbeat,medium,brisk,返事を待つつもりがない調子。,game/audio/voice/maxi/ch02_sc01_017.wav,44f59ec76f3124c95eb784e01bca31688cc109391dbc17d0b198cf748acf9e40,text_ready_audio_not_produced
ch02_sc02_006,ch02_sc02,chinatsu,……聞かないで。,……聞かないで。,guarded,low,firm,小さく、はっきり拒む。照れや拗ねた声にしない。,game/audio/voice/chinatsu/ch02_sc02_006.wav,2cfc4d054a4f8c61ef484d9736528c6d51d73751e77338bc2a63e7c644e08a33,text_ready_audio_not_produced
ch02_sc04_001,ch02_sc04,wengang,お、休暇は終わりか？　今日から出勤？,お、休暇は終わりか？　今日から出勤？,casual,medium,natural,見慣れた同僚への気軽な声。,game/audio/voice/wengang/ch02_sc04_001.wav,71d1cf45d7279c48df9e381f60f4a40670a7f348539328d735abcde96719e862,text_ready_audio_not_produced
ch02_sc04_005,ch02_sc04,wengang,何だよそれ！　今どきの子は、もう少し自分の身を守るってことをだな……。,何だよそれ！　今どきの子は、もう少し自分の身を守るってことをだな……。,indignant,high,brisk,話を聞いて急に声が大きくなる。,game/audio/voice/wengang/ch02_sc04_005.wav,95b5cce9ae2f3dc8ac2e29269858fcd50a6b496711c1d62c690bdf7097f371ce,text_ready_audio_not_produced
ch02_sc04_006,ch02_sc04,wengang,知らない男の家に転がり込んで、二日も泊まった？　二日だぞ？,知らない男の家に転がり込んで、二日も泊まった？　二日だぞ？,incredulous,high,emphatic,後半の二日を繰り返してしまう。笑わせようとはしない。,game/audio/voice/wengang/ch02_sc04_006.wav,b02ae2b07095a07fbf4c9cb1f79b5977fdfe96bf2a1f8a188bb52446f1924416,text_ready_audio_not_produced
ch02_sc04_009,ch02_sc04,wengang,どうもこうも。張り紙がなくなったなら、家の人が迎えに来たんだろ。,どうもこうも。張り紙がなくなったなら、家の人が迎えに来たんだろ。,matter_of_fact,medium,natural,自分の推測に疑いがない。,game/audio/voice/wengang/ch02_sc04_009.wav,d1fdfad6f7bdd08b5585f18da5285f0d4cf3de979b6777f574a2f0365f76d364,text_ready_audio_not_produced
ch02_sc04_010,ch02_sc04,wengang,局長に話したら、お前のほうが説教されかねないぞ。,局長に話したら、お前のほうが説教されかねないぞ。,cautioning,medium,natural,同僚への忠告として。,game/audio/voice/wengang/ch02_sc04_010.wav,02e0227d4acd71c4977277204516a6ca8eab6b2aa8b5ef4791bd9826dd85fe7f,text_ready_audio_not_produced
ch02_sc04_011,ch02_sc04,wengang,仮に本当に行方不明だとしても、詳しい特徴を説明できるのか？　本名だって、はっきりしないんだろ。,仮に本当に行方不明だとしても、詳しい特徴を説明できるのか？　本名だって、はっきりしないんだろ。,skeptical,medium,measured,これは文鋼の認識。正式な受理拒否の口調にはしない。,game/audio/voice/wengang/ch02_sc04_011.wav,44062805be6928615ef51a8fa38e6038224dcefd7239b9ae24b5bd5f1f155b73,text_ready_audio_not_produced
ch02_sc05_002,ch02_sc05,maxi,ひどい顔だな。何かあったのか？,ひどい顔だな。何かあったのか？,concerned,medium,natural,軽く声をかけるが、本当に様子を気にしている。,game/audio/voice/maxi/ch02_sc05_002.wav,7dd2acb6be70cbcf0c0dcaecd787aa7267d1ddf1e0e68c7488c56119b144a073,text_ready_audio_not_produced
ch02_sc05_003,ch02_sc05,maxi,まあ、いいから。音楽でも聴けば、少しは気が晴れるって。,まあ、いいから。音楽でも聴けば、少しは気が晴れるって。,encouraging,medium,easy,気分転換に誘う、いつもの親しさ。,game/audio/voice/maxi/ch02_sc05_003.wav,853acb38a84d626395ba35ec4dddd5462109ab226813c614bf29b8c573b9455c,text_ready_audio_not_produced
ch02_sc05_008,ch02_sc05,theatre_staff,申し訳ございません。本日は、首席ヴァイオリン奏者が出演できず……。,申し訳ございません。本日は、首席ヴァイオリン奏者が出演できず……。,apologetic,medium,measured,客席の一人ひとりへの説明。館内放送にはしない。,game/audio/voice/theatre_staff/ch02_sc05_008.wav,ef09b10a1a6fe2ff7c3d267e2361448fee2a937a9c6b5691c051be225da1fb08,text_ready_audio_not_produced
ch02_sc05_009,ch02_sc05,theatre_staff,お詫びとして、無料の引換券をお配りしております。当劇場のお好きな公演のチケット一枚と交換いただけます。,お詫びとして、無料の引換券をお配りしております。当劇場のお好きな公演のチケット一枚と交換いただけます。,formal,medium,measured,案内を聞き取れる速さで。,game/audio/voice/theatre_staff/ch02_sc05_009.wav,608fc9b0b9b9203b4ece9da0f56f9ec68272ede17d4d9cda9f69f3934566b313,text_ready_audio_not_produced
ch02_sc05_012,ch02_sc05,maxi,そこから知らないのかよ。音楽の名門、〖梅川｜うめかわ〗家のお嬢さん。〖梅川千夏｜うめかわちなつ〗だって。,そこから知らないのかよ。音楽の名門、うめかわ家のお嬢さん。うめかわちなつだって。,incredulous,medium,natural,名前は明瞭に。長女だとは言わない。,game/audio/voice/maxi/ch02_sc05_012.wav,79c0cafae400ec8fccf3e880ca165c919694f86b4136923491096c178f938556,text_ready_audio_not_produced
ch02_sc06_001,ch02_sc06,house_driver,〖梅川｜うめかわ〗様。勝手に家をお出になるとは、あまりにも軽率です。お父様がどれほど心配なさったか。,うめかわ様。勝手に家をお出になるとは、あまりにも軽率です。お父様がどれほど心配なさったか。,admonishing,medium,measured,雇い主側の立場から、丁寧だが一方的に言い聞かせる。,game/audio/voice/house_driver/ch02_sc06_001.wav,c26cff3c690dc1880d6699a0d3465fff972d34696e5d655a849e4b92300fa8c2,text_ready_audio_not_produced
ch02_sc06_002,ch02_sc06,beidai,やあ、お帰り！　パパの大事な娘が帰ってきた！,やあ、お帰り！　パパの大事な娘が帰ってきた！,affected_joy,medium,buoyant,大げさな歓迎。軽快な口調と千夏の硬直が食い違う。,game/audio/voice/beidai/ch02_sc06_002.wav,f843eefa9e64258ad331370f58844801bd56ae7069f7794a72af68b2237618ea,text_ready_audio_not_produced
ch02_sc06_003,ch02_sc06,beidai,千夏をお風呂に入れて、きれいな服に着替えさせてあげて。,ちなつをお風呂に入れて、きれいな服に着替えさせてあげて。,instructing,medium,natural,使用人への、当然のような指示。,game/audio/voice/beidai/ch02_sc06_003.wav,d367f55bde676986fd5c48348457fa1cca6ef5cc0c8ade2dd2ad56ab744ce33f,text_ready_audio_not_produced
ch02_sc06_004,ch02_sc06,beidai,ねえ、千夏。少し休んだらピアノの部屋へおいで。二人でお話ししよう。いいね？,ねえ、ちなつ。少し休んだらピアノの部屋へおいで。二人でお話ししよう。いいね？,falsely_tender,low,measured,甘い声だが、選択肢を与えていない。,game/audio/voice/beidai/ch02_sc06_004.wav,dc344feb52f0444b3296f4f38411a8572f9b9a208a42a2448d4c38d3bd9e36b5,text_ready_audio_not_produced
ch02_sc06_018,ch02_sc06,chinatsu,誰か……お願い。助けて……。,誰か……お願い。助けて……。,desperate,low,broken,一人で漏らす助けの声。小さな泣き声は可。官能的な息や長い嗚咽を加えない。,game/audio/voice/chinatsu/ch02_sc06_018.wav,29cc37cb825b4344732ac2498fe4614c608e29082b215fe9fabf6a50877ff836,text_ready_audio_not_produced
ch02_sc07_002,ch02_sc07,beidai,千夏。パパのそばへおいで。,ちなつ。パパのそばへおいで。,falsely_tender,low,measured,柔らかい誘いに見せた命令。,game/audio/voice/beidai/ch02_sc07_002.wav,eb9838dc886e5acd66415f6f19260c65edcde24ba7ed1df0a833645a2a1ba28e,text_ready_audio_not_produced
ch02_sc07_004,ch02_sc07,beidai,顔をよく見せてごらん。外にいた間に、痩せてしまったんじゃないかい？,顔をよく見せてごらん。外にいた間に、痩せてしまったんじゃないかい？,inspecting,medium,measured,心配を装う。,game/audio/voice/beidai/ch02_sc07_004.wav,eac8bdabe051b869ee89b95d16b89123255bc4df93feccc6cb298dc934c1a757,text_ready_audio_not_produced
ch02_sc07_005,ch02_sc07,beidai,やっぱり、ずいぶん痩せた。ひどい目に遭ったんだろう。次はいい子にして、パパに黙って逃げたりしないこと。,やっぱり、ずいぶん痩せた。ひどい目に遭ったんだろう。次はいい子にして、パパに黙って逃げたりしないこと。,patronizing,medium,measured,大げさにいたわった後、逃げるなという命令へ。,game/audio/voice/beidai/ch02_sc07_005.wav,0aa55fe5afc2d7c9b9f16404b40d23b7dfce1510965a97f7157adbbd639fbbbb,text_ready_audio_not_produced
ch02_sc07_007,ch02_sc07,chinatsu,お父さん、やめてください！,お父さん、やめてください！,rejecting,high,firm,明確な拒絶。照れや恋愛的な抵抗にしない。,game/audio/voice/chinatsu/ch02_sc07_007.wav,b9ce04d615533cc21aa7fc0af48feb1851fde3bcb42ea13ed09c69c28b56c10e,text_ready_audio_not_produced
ch02_sc07_008,ch02_sc07,beidai,何を怒ってるんだい。お前は俺の女だろう。少しくらい触ったっていいじゃないか。,何を怒ってるんだい。お前は俺の女だろう。少しくらい触ったっていいじゃないか。,entitled,medium,unhurried,一人称が俺へ変わる。拒絶を取り合わない不快な平然さ。,game/audio/voice/beidai/ch02_sc07_008.wav,afa2e7061f6fd574fd82034965bffdedba291eb4880f8952ecf45d0af1d8139b,text_ready_audio_not_produced
ch02_sc07_009,ch02_sc07,chinatsu,私は、あなたの女なんかじゃない！　もう、私に――,私は、あなたの女なんかじゃない！　もう、私に――,resisting,high,urgent,最後は言い終える前に途切れる。息や接触音を足さない。,game/audio/voice/chinatsu/ch02_sc07_009.wav,1f79be9b7f5a0c8a3b87e2a56a3378a349349ac88b244e486c78c48d5752b01a,text_ready_audio_not_produced
ch02_sc07_011,ch02_sc07,beidai,誰がお前に命をやったと思ってる！　母親だって、お前のせいで死んだんだぞ！,誰がお前に命をやったと思ってる！　母親だって、お前のせいで死んだんだぞ！,accusatory,high,forceful,粗暴な責任転嫁。発言を事実の説明のように読まない。,game/audio/voice/beidai/ch02_sc07_011.wav,f2d1d14df63797494422acce04bc0b3668ed0f2cf98f677792fd18773be2bf9e,text_ready_audio_not_produced
ch02_sc07_012,ch02_sc07,beidai,それでも、俺のものじゃないと言うのか！,それでも、俺のものじゃないと言うのか！,furious,high,forceful,支配を押しつける怒声。,game/audio/voice/beidai/ch02_sc07_012.wav,48900562c7cd89789ce892b86517555d76ee07c5a4921194f902551b94251838,text_ready_audio_not_produced
ch02_sc07_015,ch02_sc07,chinatsu,違う……違う。私じゃ、ない……。,違う……違う。私じゃ、ない……。,terrified,medium,broken,何に対する否認かを説明し足さない。記憶と父の言葉に圧倒される。,game/audio/voice/chinatsu/ch02_sc07_015.wav,9f6a49ee3af9828dd00b9bde9308d5d9c6a518e3aa8cc73831c2c14ff501aeb8,text_ready_audio_not_produced
ch02_sc08_001,ch02_sc08,beidai,誰からだ？,誰からだ？,curt,medium,short,使用人に尋ねる。,game/audio/voice/beidai/ch02_sc08_001.wav,79b04de399f3eca5f70aeefc25d701a49e1bbcef4595da222491b19e8037a6f6,text_ready_audio_not_produced
ch02_sc08_002,ch02_sc08,house_servant,分かりません。声を聞けばお分かりになる、とだけ。,分かりません。声を聞けばお分かりになる、とだけ。,formal,low,measured,相手の言葉をそのまま取り次ぐ。思わせぶりにしない。,game/audio/voice/house_servant/ch02_sc08_002.wav,b3dfc28537b9d4ddbea1e5ad2706646af4e690ff6bbae10de9a65968a77f4088,text_ready_audio_not_produced
ch02_sc08_003,ch02_sc08,beidai,もしもし。〖梅川備代｜サスペンダーなし〗ですが、どちら様でしょうか。,もしもし。サスペンダーなしですが、どちら様でしょうか。,formal,medium,measured,対外的な礼儀を取り戻した口調。,game/audio/voice/beidai/ch02_sc08_003.wav,e6567757ebb0029466e124309af9bdcb881efa2aac9952905320907306eb973a,text_ready_audio_not_produced
ch02_sc08_004,ch02_sc08,unknown_caller,〖梅川備代｜サスペンダーなし〗さん。時がたつのは、本当に早いものですね。,サスペンダーなしさん。時がたつのは、本当に早いものですね。,composed,low,slow,低く、少しかすれた響きのある声。静かに挨拶する。人物名や正体を追加しない。,game/audio/voice/unknown_caller/ch02_sc08_004.wav,054f85e59c5c7a57153d09b6e01716acc535f598baf2b619ab8af1ae3db44ba0,text_ready_audio_not_produced
ch02_sc08_005,ch02_sc08,beidai,お、お前……まだ、生きていたのか……？,お、お前……まだ、生きていたのか……？,shocked,low,broken,息をのむ驚きから震える問いへ。叫びにせず、声が細くなる。,game/audio/voice/beidai/ch02_sc08_005.wav,2a18c9db740ce69de49040d42591d101f029273159583c12615397fff3fbfa34,text_ready_audio_not_produced
